{
  "display": {
    "icon": {
      "id": "minecraft:barrier",
      "count": 1,
      "components": {
        "minecraft:item_model": "system:1up"
      }
    },
    "title": "100回目のお帰り",
    "description": "100回帰った",
    "frame": "task"
  },
  "parent": "spelunker:death/50_death",
  "criteria": {
    "requirement": {
      "trigger": "minecraft:tick",
      "conditions": {
        "player": [
          {
            "condition": "minecraft:entity_scores",
            "entity": "this",
            "scores": {
              "sp.DeathCounter": 100
            }
          }
        ]
      }
    }
  }
}
