{
    "display": {
      "icon": {
        "id": "minecraft:barrier",
        "count": 1,
        "components": {
          "minecraft:item_model": "system:1up"
        }
      },
      "title": "死亡回数",
      "description": "",
      "background": "minecraft:textures/gui/advancements/backgrounds/bamboo_mosaic.png",
      "frame": "task",
      "show_toast": false,
      "announce_to_chat": false
    },
    "criteria": {
      "requirement": {
        "trigger": "minecraft:tick"
      }
    }
  }
  