{
  "type": "minecraft:crafting_shaped",
  "category": "equipment",
  "pattern": [
    "g",
    "p",
    "b"
  ],
  "key": {
    "g": "minecraft:glowstone_dust",
    "p": "minecraft:gunpowder",
    "b": "minecraft:glass_bottle"
  },
  "result": {
    "id": "minecraft:command_block",
    "components": {
      "minecraft:consumable": {
        "consume_seconds": 0,
        "animation": "none",
        "sound": "minecraft:entity.firework_rocket.shoot",
        "has_consume_particles": false
      },
      "minecraft:item_name": "フラッシュ",
      "minecraft:item_model": "system:flash",
      "minecraft:rarity": "uncommon",
      "minecraft:custom_data": "{sp.Item:flash}",
      "minecraft:max_stack_size": 9
    },
    "count":8
  },
  "show_notification": true
}
