{
  "criteria": {
    "requirement": {
      "trigger": "minecraft:tick",
      "conditions": {
        "player": [
          {
            "condition": "minecraft:any_of",
            "terms": [
              {
                "condition": "minecraft:entity_properties",
                "entity": "this",
                "predicate": {
                  "effects": {
                    "minecraft:absorption": {}
                  }
                }
              },
              {
                "condition": "minecraft:inverted",
                "term": {
                  "condition": "minecraft:entity_properties",
                  "entity": "this",
                  "predicate": {
                    "nbt": "{attributes:[{id:\"minecraft:max_health\",base:1.0d}]}"
                  }
                }
              }
            ]
          }
        ]
      }
    }
  },
  "rewards": {
    "function": "system:player/max_health"
  }
}
