{
    "criteria": {
      "requirement": {
        "trigger": "minecraft:tick",
        "conditions": {
          "player": [
            {
              "condition": "minecraft:any_of",
              "terms": [
                {
                  "condition": "minecraft:entity_properties",
                  "entity": "this",
                  "predicate": {
                    "slots": {
                      "inventory.*": {
                        "predicates": {
                          "minecraft:custom_data": "{sp.AC:true}"
                        }
                      }
                    }
                  }
                },
                {
                  "condition": "minecraft:entity_properties",
                  "entity": "this",
                  "predicate": {
                    "slots": {
                      "hotbar.*": {
                        "predicates": {
                          "minecraft:custom_data": "{sp.AC:true}"
                        }
                      }
                    }
                  }
                }
              ]
            }
          ]
        }
      }
    },
    "rewards": {
      "function": "system:player/pick_item/pick_item"
    }
  }
  