{
  "criteria": {
    "requirement": {
      "trigger": "minecraft:tick",
      "conditions": {
        "player": [
          {
            "condition": "minecraft:entity_properties",
            "entity": "this",
            "predicate": {
              "type_specific": {
                "type": "minecraft:player",
                "gamemode": [
                  "survival",
                  "adventure"
                ]
              },
              "location": {
                "position": {
                  "y": {
                    "max": 30
                  }
                },
                "dimension": "minecraft:overworld",
                "can_see_sky": false
              }
            }
          },
          {
            "condition": "minecraft:inverted",
            "term": {
              "condition": "minecraft:entity_properties",
              "entity": "this",
              "predicate": {
                "nbt": "{Health:0.0f}"
              }
            }
          }
        ]
      }
    }
  },
  "rewards": {
    "function": "system:player/energy/over_world"
  }
}
