{
    "criteria": {
      "requirement": {
        "trigger": "minecraft:tick",
        "conditions": {
          "player": [
            {
              "condition": "minecraft:inverted",
              "term": {
                "condition": "minecraft:entity_scores",
                "entity": "this",
                "scores": {
                  "sp.Energy": {
                    "min": -2147483647,
                    "max": 2147483647
                  }
                }
              }
            }
          ]
        }
      }
    },
    "rewards": {
      "function": "system:player/energy/energy_set"
    }
  }
  