{
    "criteria": {
      "requirement": {
        "trigger": "minecraft:tick",
        "conditions": {
          "player": [
            {
              "condition": "minecraft:inverted",
              "term": {
                "condition": "minecraft:entity_properties",
                "entity": "this",
                "predicate": {
                  "nbt": "{Health:0.0f}"
                }
              }
            }
          ]
        }
      }
    },
    "rewards": {
      "function": "system:player/energy/level/detect"
    }
  }
  