{
  "criteria": {
    "requirement": {
      "trigger": "minecraft:tick",
      "conditions": {
        "player": [
          {
            "condition": "minecraft:entity_properties",
            "entity": "this",
            "predicate": {
              "type_specific": {
                "type": "minecraft:player",
                "gamemode": [
                  "survival",
                  "adventure"
                ]
              }
            }
          },
          {
            "condition": "minecraft:inverted",
            "term": {
              "condition": "minecraft:entity_scores",
              "entity": "this",
              "scores": {
                "sp.muteki": {
                  "min": 0
                }
              }
            }
          },
          {
            "condition": "minecraft:inverted",
            "term": {
              "condition": "minecraft:entity_properties",
              "entity": "this",
              "predicate": {
                "nbt": "{Health:0.0f}"
              }
            }
          }
        ]
      }
    }
  },
  "rewards": {
    "function": "system:player/death/bat_poop/bat_poop"
  }
}
