{
  "criteria": {
    "requirement": {
      "trigger": "minecraft:tick",
      "conditions": {
        "player": [
          {
            "condition": "minecraft:all_of",
            "terms": [
              {
                "condition": "minecraft:entity_properties",
                "entity": "this",
                "predicate": {
                  "type_specific": {
                    "type": "minecraft:player",
                    "gamemode": [
                      "survival",
                      "adventure"
                    ]
                  },
                  "movement": {
                    "fall_distance": {
                      "min": 1.5
                    }
                  },
                  "flags": {
                    "is_flying": false
                  }
                }
              },
              {
                "condition": "minecraft:inverted",
                "term": {
                  "condition": "minecraft:entity_properties",
                  "entity": "this",
                  "predicate": {
                    "effects": {
                      "minecraft:slow_falling": {}
                    }
                  }
                }
              }
            ]
          },
          {
            "condition": "minecraft:inverted",
            "term": {
              "condition": "minecraft:entity_properties",
              "entity": "this",
              "predicate": {
                "nbt": "{Health:0.0f}"
              }
            }
          }
        ]
      }
    }
  },
  "rewards": {
    "function": "system:player/death/fall_from_hight"
  }
}
