{
  "criteria": {
    "requirement": {
      "trigger": "minecraft:tick",
      "conditions": {
        "player": [
          {
            "condition": "minecraft:all_of",
            "terms": [
              {
                "condition": "minecraft:location_check",
                "offsetY": 1,
                "predicate": {
                  "fluid": {
                    "fluids": "#minecraft:water"
                  }
                }
              },
              {
                "condition": "minecraft:entity_properties",
                "entity": "this",
                "predicate": {
                  "type_specific": {
                    "type": "minecraft:player",
                    "gamemode": [
                      "survival",
                      "adventure"
                    ]
                  }
                }
              },
              {
                "condition": "minecraft:inverted",
                "term": {
                  "condition": "minecraft:entity_properties",
                  "entity": "this",
                  "predicate": {
                    "nbt": "{Air:300s}"
                  }
                }
              }
            ]
          },
          {
            "condition": "minecraft:inverted",
            "term": {
              "condition": "minecraft:entity_properties",
              "entity": "this",
              "predicate": {
                "nbt": "{Health:0.0f}"
              }
            }
          }
        ]
      }
    }
  },
  "rewards": {
    "function": "system:player/death/water_in_eye"
  }
}
