{
    "description": "フラッシュコマンド用",
    "supported_items": "minecraft:barrier",
    "weight": 1,
    "max_level": 1,
    "min_cost": {
      "base": 0,
      "per_level_above_first": 0
    },
    "max_cost": {
      "base": 0,
      "per_level_above_first": 0
    },
    "anvil_cost": 0,
    "slots": [
      "any"
    ],
    "effects": {
      "minecraft:tick": [
        {
          "effect": {
            "type": "minecraft:run_function",
            "function": "system:enchantment/item/flash/flash_progress"
          },
          "requirements": {
            "condition": "minecraft:entity_properties",
            "entity": "this",
            "predicate": {
              "movement": {
                "fall_distance": {
                  "min": 0.001
                }
              },
              "passenger": {
                "type": "minecraft:item_display",
                "nbt": "{item:{components:{\"minecraft:item_model\":\"system:particle/rising_flash\"}}}"
              }
            }
          }
        },
        {
          "effect": {
            "type": "minecraft:run_function",
            "function": "system:enchantment/item/flash/flash_disable"
          },
          "requirements": {
            "condition": "minecraft:any_of",
            "terms": [
              {
                "condition": "minecraft:entity_properties",
                "entity": "this",
                "predicate": {
                  "location": {
                    "fluid": {
                      "fluids": "#system:fluid"
                    }
                  }
                }
              },
              {
                "condition": "minecraft:entity_properties",
                "entity": "this",
                "predicate": {
                  "flags": {
                    "is_on_ground": true
                  }
                }
              }
            ]
          }
        },
        {
          "effect": {
            "type": "minecraft:run_function",
            "function": "system:enchantment/item/flash/flash_kill"
          },
          "requirements": {
            "condition": "minecraft:entity_properties",
            "entity": "this",
            "predicate": {
              "passenger": {
                "type": "minecraft:item_display",
                "nbt": "{item:{components:{\"minecraft:item_model\":\"system:particle/progressing_flash\"}}}"
              }
            }
          }
        }
      ]
    }
  }
  