{
    "parent": "item/generated",
    "textures": {
      "layer0": "system:item/portable_fan_shot"
    },
    "display": {
        "thirdperson_righthand": {
            "rotation": [ 0, -120, 0 ],
            "translation": [ -1, 2, 0 ],
            "scale": [ 1.5, 1.5, 1.5 ]
        },
        "thirdperson_lefthand": {
            "rotation": [ 0, 65, 0 ],
            "translation": [ -1, 2, 0 ],
            "scale": [ 1.5, 1.5, 1.5 ]
        },
        "firstperson_righthand": {
            "rotation": [ 0, -95, -5 ],
            "translation": [ 7, -2.5, -9.5 ]
        },
        "firstperson_lefthand": {
            "rotation": [ 0, 85, 5 ],
            "translation": [ 7  , -2.5, -9.5 ]
        },
        "gui": {
          "rotation": [0, 0, -13],
          "translation": [1.75, -0.25, 0],
          "scale": [1.5, 1.5, 1.5]
        }
  }
  }