{
    "parent": "item/generated",
    "textures": {
      "layer0": "system:item/portable_fan"
    },
    "display": {
      "thirdperson_righthand": {
        "rotation": [-80, -90, -81],
        "translation": [0, 0.75, -1.5],
        "scale": [1.5, 1.5, 1.5]
      },
      "thirdperson_lefthand": {
        "rotation": [-80, 90, 81],
        "translation": [0, 0.75, -1.5],
        "scale": [1.5, 1.5, 1.5]
      },
      "firstperson_righthand": {
        "rotation": [0, -109, 0],
        "translation": [-0.62, 4.95, 2.88]
      },
      "firstperson_lefthand": {
        "rotation": [0, 74, 0],
        "translation": [-2.37, 5.45, 3.88]
      },
      "gui": {
        "rotation": [0, 0, -13],
        "translation": [1.75, -0.25, 0],
        "scale": [1.5, 1.5, 1.5]
      }
   }
}