{
    "pools": [
      {
        "rolls": 1,
        "bonus_rolls": 1,
        "entries": [
          {
            "type": "minecraft:item",
            "name": "minecraft:command_block",
            "weight": 100,
            "functions": [
              {
                "function": "minecraft:set_name",
                "entity": "this",
                "target": "item_name",
                "name": "エネルギー"
              },
              {
                "function": "minecraft:set_custom_data",
                "tag": "{sp.Item:energy,sp.AC:true}"
              },
              {
                "function": "minecraft:set_components",
                "components": {
                  "minecraft:item_model": "minecraft:air",
                  "minecraft:rarity": "uncommon",
                  "minecraft:max_stack_size": 1
                }
              }
            ]
          }
        ]
      }
    ]
  }
  