[
  {
    "condition": "minecraft:inverted",
    "term": {
      "condition": "minecraft:entity_scores",
      "entity": "this",
      "scores": {
        "sp.muteki": {
          "min": 1
        }
      }
    }
  },
  {
    "condition": "minecraft:entity_properties",
    "entity": "this",
    "predicate": {
      "type_specific": {
        "type": "minecraft:player",
        "gamemode": [
          "survival",
          "adventure"
        ]
      },
      "nbt": "{DeathTime:0s}"
    }
  }
]
